antecedents,consequents,antecedent support,consequent support,support,confidence,lift,leverage,conviction,zhangs_metric
"frozenset({'BAW56,215', 'BAS316,115'})","frozenset({'BAV99,215'})",0.0031910650179497405,0.015955325089748704,0.002991623454327882,0.9375,58.7578125,0.002940708974583969,15.74471479856402,0.9861277844471121
"frozenset({'BAS316,115', '2N7002BK,215'})","frozenset({'BAV99,215'})",0.002792181890706023,0.015955325089748704,0.002526259805876878,0.9047619047619048,56.705952380952375,0.0024817096361009544,10.332469086557639,0.9851157894736843
"frozenset({'PBSS4240T,215'})","frozenset({'PBSS5240T,215'})",0.0033240260603643133,0.0043877143996808934,0.0030581039755351682,0.92,209.67636363636365,0.0030435190985251934,12.445153570003995,0.998549951278363
frozenset({'SR2351C'}),frozenset({'SR2319A'}),0.0026592208482914504,0.0026592208482914504,0.0026592208482914504,1.0,376.05,0.0026521493927714624,inf,0.9999999999999999
frozenset({'SR2319A'}),frozenset({'SR2351C'}),0.0026592208482914504,0.0026592208482914504,0.0026592208482914504,1.0,376.05,0.0026521493927714624,inf,0.9999999999999999
frozenset({'SC6531DA'}),frozenset({'HS8292U'}),0.003789389708815317,0.004321233878473607,0.003789389708815317,1.0,231.41538461538462,0.003773014869626845,inf,0.9994661327994662
