antecedents,consequents,antecedent support,consequent support,support,confidence,lift,leverage,conviction,zhangs_metric
"frozenset({'PBSS4240T,215'})","frozenset({'PBSS5240T,215'})",0.0033240260603643133,0.0043877143996808934,0.0030581039755351682,0.92,209.67636363636365,0.0030435190985251934,12.445153570003995,0.998549951278363
"frozenset({'BAV70,215', 'BAS316,115'})","frozenset({'BAV99,215'})",0.0035899481451934583,0.015955325089748704,0.0031910650179497405,0.8888888888888888,55.71111111111111,0.0031337862282378387,8.856402074192257,0.9855884707766214
"frozenset({'PDZ15B,115'})","frozenset({'BAS316,115'})",0.003789389708815317,0.009373753490227364,0.0030581039755351682,0.8070175438596492,86.09331840238895,0.003022583170526329,5.133245095550642,0.9921443182312747
frozenset({'SC6531DA'}),frozenset({'HS8292U'}),0.003789389708815317,0.004321233878473607,0.003789389708815317,1.0,231.41538461538462,0.003773014869626845,inf,0.9994661327994662
frozenset({'HS8292U'}),frozenset({'SC6531DA'}),0.004321233878473607,0.003789389708815317,0.003789389708815317,0.8769230769230769,231.41538461538462,0.003773014869626845,8.094211208615874,1.0
